"Job Title","Years of Professional Experience Overall",Total_Compensation
"Investment Banking Analyst","2 - 4 years",6000114100
"Senior IT Consultant","11 - 20 years",120004114
"Regional Operations & Training Manager ","21 - 30 years",120000870
"Legal Editor","5-7 years",43950000
"ESL English Teacher ","11 - 20 years",36000000
Pharmacist,"2 - 4 years",26003704
"Voice Actor",Japan,21800000
bum,"41 years or more",10000299
"Regional Sales Manager","5-7 years",10000000
"Managing Partner","21 - 30 years",8690075
"ESL teacher in Japan ","8 - 10 years",8320000
"Software Engineer","2 - 4 years",7566334
"Senior Software Engineer","11 - 20 years",6249097
Teacher,"11 - 20 years",5746871
"Software engineer","11 - 20 years",5711150
Director,"11 - 20 years",5313103
"Software engineer","5-7 years",5187290
"Software Engineer","8 - 10 years",5165081
"Inside sales manager","31 - 40 years",5004044
student,"5-7 years",5000040
"Senior Staff","2 - 4 years",4500000
"Senior Software Engineer","5-7 years",4497091
"Engineering Manager","11 - 20 years",4253856
"Managing director","11 - 20 years",3637132
Partner,"21 - 30 years",3152141
"Public Relations Coordinator","11 - 20 years",3123059
"Product Manager","11 - 20 years",3117719
"Vice President","11 - 20 years",2849348
"Project Manager","8 - 10 years",2738152
"Senior Software Engineer","8 - 10 years",2711227
Lead,"8 - 10 years",2600000
"Project Manager","11 - 20 years",2531693
"Software Development Manager","11 - 20 years",2466570
"Program Manager","11 - 20 years",2440531
Manager,"11 - 20 years",2345996
Associate,"5-7 years",2328847
"Marketing Manager","8 - 10 years",2268466
"Staff Software Engineer","11 - 20 years",2245370
"Senior Manager","11 - 20 years",2111797
"Senior Director","11 - 20 years",2073752
Director,"21 - 30 years",2012314
"Content creator","41 years or more",2000000
Entrepreneur,"31 - 40 years",2000000
Attorney,"11 - 20 years",1991360
"Engineering Manager","21 - 30 years",1985732
"Product Manager","8 - 10 years",1982527
Director,"8 - 10 years",1948760
partner,"11 - 20 years",1915320
Attorney,"5-7 years",1870802
"Cluster Manager - Marketing",Pune,1852000
"Senior Tech Lead","8 - 10 years",1800000
"Software Developer","2 - 4 years",1795261
"Software Engineering Manager","11 - 20 years",1645454
"Director of Engineering","11 - 20 years",1644146
"Programme Officer for Latin America and the Caribbean - Research and Advocacy","2 - 4 years",1608000
"Senior Software Engineer","21 - 30 years",1551758
"Cyber Security Management","2 - 4 years",1550000
"Principal Software Engineer","11 - 20 years",1538620
Associate,"8 - 10 years",1502825
"Deliverability Specialist","2 - 4 years",1500000
Librarian,"11 - 20 years",1472051
"Security Engineer","5-7 years",1470379
"Software Developer","11 - 20 years",1432066
"Principal Engineer","11 - 20 years",1425921
"Marketing Manager","11 - 20 years",1337247
Partner,"8 - 10 years",1297210
Counsel,"11 - 20 years",1296167
"Director of Engineering","21 - 30 years",1290531
"Senior Engineering Manager","11 - 20 years",1289186
"Senior staff software engineer","21 - 30 years",1287000
"Data Scientist","5-7 years",1281374
"General Manager","11 - 20 years",1277228
"Chief of Staff","11 - 20 years",1260322
"Program Manager","8 - 10 years",1257357
Associate,"2 - 4 years",1235982
"Staff Software Engineer","21 - 30 years",1235104
Manager,"8 - 10 years",1228003
"HR Manager","11 - 20 years",1217664
"Clinical physiologist ","2 - 4 years",1200000
"Data Scientist","11 - 20 years",1196559
"Senior Researcher","11 - 20 years",1174280
Director,"5-7 years",1168180
"Product Manager","5-7 years",1165766
Attorney,"21 - 30 years",1148300
"Program Manager","5-7 years",1146598
"Engineering manager","8 - 10 years",1139060
"Senior Business Systems Analyst ","8 - 10 years",1136000
"Executive Director","11 - 20 years",1124553
"Governance, risk, and compliance program manager","11 - 20 years",1115000
"Staff Software Engineer ","11 - 20 years",1100472
"Assistant professor","8 - 10 years",1096769
"Editor in chief","21 - 30 years",1095000
"Project Manager","21 - 30 years",1090842
"Localization Director","11 - 20 years",1075003
"Executive Assistant ","21 - 30 years",1070342
"Manager of Data Science ","11 - 20 years",1060000
"Project Manager","5-7 years",1049946
"Principal Program Manager","21 - 30 years",1040000
"General Manager","21 - 30 years",1038649
"Senior Data Scientist","5-7 years",1027013
"Head of Operations","21 - 30 years",1023000
"Program Manager","21 - 30 years",1002785
"Operations Manager","11 - 20 years",1002298
"It security consultant ","21 - 30 years",1000000
Doctor,"11 - 20 years",1000000
"Senior NAtural Language Processing engineer","11 - 20 years",1000000
"Staff Scientist","11 - 20 years",1000000
"Sr. Research associate","2 - 4 years",1000000
"Software Engineer","21 - 30 years",996047
"Accounting Manager","11 - 20 years",991814
"Learning Specialist","21 - 30 years",960000
"Business Systems Analyst III","11 - 20 years",958000
SVP,"11 - 20 years",945130
Controller,"11 - 20 years",941241
"Marketing Director","11 - 20 years",934607
"Senior Product Manager","11 - 20 years",922787
"Associate Director ","11 - 20 years",915010
"Account manager","11 - 20 years",911944
"Senior Project Manager","11 - 20 years",911403
"Senior Staff Engineer","11 - 20 years",910380
"UX Designer ","2 - 4 years",900140
Consultant,"8 - 10 years",894916
"Senior Director","21 - 30 years",881762
VP,"21 - 30 years",878845
"Registered Nurse","11 - 20 years",865772
"Senior Software Engineer","2 - 4 years",851851
"Data Scientist","2 - 4 years",834087
"Software Development Manager","21 - 30 years",833300
"Business Analyst","11 - 20 years",829941
"Associate Director","11 - 20 years",827064
"Consultant ","5-7 years",825193
"Associate Consultant","2 - 4 years",819691
"Vice President","8 - 10 years",814499
"Vice President ","11 - 20 years",811865
Consultant,"11 - 20 years",795396
"Senior analyst","5-7 years",783349
"Executive Director","21 - 30 years",780747
"Digital Content Writer","2 - 4 years",780000
"Director of Marketing","11 - 20 years",774458
"Account Manager","5-7 years",770548
"Communication Specialist","11 - 20 years",770092
"Associate Attorney","11 - 20 years",760982
"Senior Product Manager","21 - 30 years",743662
Teacher,"8 - 10 years",741716
"Financial Analyst","2 - 4 years",739816
"Executive Assistant","11 - 20 years",737707
"Director of engineering ","11 - 20 years",735816
VP,"11 - 20 years",735282
"Environmental Consultant","8 - 10 years",730000
"Data Analyst","5-7 years",729935
"Account Manager ","11 - 20 years",714466
"Director of Operations","11 - 20 years",702804
"Software Engineer II","5-7 years",701389
"Localization Director","5-7 years",700004
"Software Developer","5-7 years",695593
"Site reliability engineer","11 - 20 years",694157
Analyst,"2 - 4 years",692622
"Executive Director ","21 - 30 years",690878
"Software Engineer ","11 - 20 years",674576
"Lead Software Engineer","11 - 20 years",672629
"Marketing Manager","5-7 years",671900
"Finance Manager","11 - 20 years",670469
"IT Manager","11 - 20 years",664877
Attorney,"8 - 10 years",664386
"Associate professor","11 - 20 years",658912
Manager,"5-7 years",654472
Physician,"8 - 10 years",650460
"Senior Manager","21 - 30 years",649392
"Data Scientist","8 - 10 years",640918
"Vice Principal","11 - 20 years",640000
"Senior Software Developer","21 - 30 years",638305
"Solution Architect","11 - 20 years",637831
"Senior DevOps Engineer","11 - 20 years",633520
"Executive Assistant","8 - 10 years",627739
"Senior manager","8 - 10 years",626140
"Principal Software Engineer","21 - 30 years",626101
"Software Engineer II","2 - 4 years",620742
"Assistant Professor","11 - 20 years",618771
"Software Engineer","1 year or less",616339
"Senior Counsel","11 - 20 years",613788
"Software engineering manager","8 - 10 years",612304
"Senior Engineering Manager","8 - 10 years",610349
"Engagement Manager","5-7 years",610294
"Head Of Software Engineering","11 - 20 years",608360
"Materials Engineer","2 - 4 years",607220
"Project Manager","2 - 4 years",607216
"Executive Assistant","21 - 30 years",605435
analyst,"11 - 20 years",604028
"Data Analyst","11 - 20 years",602806
"Executive Director ","11 - 20 years",601905
"Amazon Timekeeping HR Admin","2 - 4 years",600402
"Backend system dev","5-7 years",600008
"IT Security consultant","31 - 40 years",600000
Manager,"21 - 30 years",599966
"HR Manager","21 - 30 years",592920
"Operations Manager","21 - 30 years",586744
Paralegal,"11 - 20 years",586489
"Process Engineer","2 - 4 years",584552
"Senior Software Developer","11 - 20 years",582699
"Software Architect","11 - 20 years",582221
"Senior Process Engineer","5-7 years",580908
Analyst,"8 - 10 years",580865
"Marketing Automation Manager ","8 - 10 years",576000
"Sr Engineer R&D","2 - 4 years",574000
"account manager","8 - 10 years",573681
RN,"11 - 20 years",565505
"HR Generalist","11 - 20 years",559612
"Senior Engineer","11 - 20 years",558354
"Engineering Manager","5-7 years",556950
"Data analyst","2 - 4 years",555212
"HR director","11 - 20 years",552524
"Privacy Engineer","11 - 20 years",551000
Owner,"11 - 20 years",550185
"Senior Technical Program Manager","31 - 40 years",545000
Coordinator,"8 - 10 years",544894
"Human Resources Manager","11 - 20 years",543569
"Office Manager","11 - 20 years",541740
"Process Engineer","5-7 years",540945
"Creative Director ","21 - 30 years",540135
"Deputy General Counsel","11 - 20 years",539178
"HR Manager","8 - 10 years",537883
Manager,"2 - 4 years",531775
"General Counsel","11 - 20 years",528055
"Manager, Information Security","8 - 10 years",526500
Teacher,"2 - 4 years",525853
"Senior Consultant","11 - 20 years",525428
"Managing Principal","11 - 20 years",525120
"Director of Human Resources","11 - 20 years",523378
RN,"8 - 10 years",523130
Pharmacist,"5-7 years",523056
"Senior Associate","8 - 10 years",521847
"Site Reliability Engineer","21 - 30 years",520327
"Product Manager","2 - 4 years",520114
"Program Director","11 - 20 years",517310
"Senior Engineer","8 - 10 years",516820
"Technical Lead","11 - 20 years",516283
Consultant,"5-7 years",515452
Operations,"11 - 20 years",515440
CEO,"11 - 20 years",511373
"Data Analyst","8 - 10 years",510927
"Senior Software Engineer ","11 - 20 years",505930
"Project Manager ","11 - 20 years",503213
"Research Engineer","5-7 years",503080
"Associate Attorney","2 - 4 years",502597
"Senior Program Manager","8 - 10 years",500600
"Software architect","31 - 40 years",500264
"Software Engineer ","5-7 years",496135
"Senior Software Engineer","31 - 40 years",494104
"Business Systems Analyst","11 - 20 years",492975
"Security Engineer","11 - 20 years",490917
"Marketing Manager ","11 - 20 years",488144
"Principal Engineer","21 - 30 years",483943
"Marketing director","8 - 10 years",482443
"Technical Writer","5-7 years",482412
"Assistant General Counsel","31 - 40 years",480000
"National Sales Coordinator","11 - 20 years",480000
"Associate Director","21 - 30 years",477122
"Chief of Staff","8 - 10 years",475091
"Mechanical Engineer","5-7 years",472888
"Consultant ","11 - 20 years",469721
"Director, Analytics","11 - 20 years",466500
"Senior Product Manager","8 - 10 years",463556
"Registered nurse","21 - 30 years",462404
teacher,"21 - 30 years",460939
"Senior Corporate Counsel","31 - 40 years",460000
"Software Engineer ","2 - 4 years",459775
Lawyer,"5-7 years",454944
"Research Analyst","21 - 30 years",453380
Producer,"11 - 20 years",453032
"Director of Operations ","11 - 20 years",451780
"Senior Developer","11 - 20 years",451223
"Chief X Officer","21 - 30 years",450450
"Programmer ","5-7 years",450000
"Sr director, design","11 - 20 years",450000
"Business Analyst","8 - 10 years",447743
"Attorney ","11 - 20 years",447598
"Staff Product Manager","11 - 20 years",447000
"Associate ","5-7 years",446019
"Director, Clinical Operations ","11 - 20 years",442722
CTO,"21 - 30 years",442718
"UX Manager","11 - 20 years",440913
"VP Product","11 - 20 years",440204
Manager,"31 - 40 years",440018
"Assistant leader of maths","8 - 10 years",440000
"Chief Advancement Officer","21 - 30 years",440000
Editor,"11 - 20 years",438034
"Senior Consultant","5-7 years",437750
"Staff Engineer","11 - 20 years",437339
"Nurse Practitioner","11 - 20 years",435797
"Software Development Manager","8 - 10 years",432160
"Chief Counsel","21 - 30 years",432000
"Office Manager","21 - 30 years",431835
"Senior UX Designer","11 - 20 years",429569
"deputy ceo","21 - 30 years",427665
"Assistant Director","11 - 20 years",426337
"Customer Success Manager","11 - 20 years",424505
"Director ","8 - 10 years",422545
"Software engineer ","8 - 10 years",422274
"Team Lead","8 - 10 years",421514
"Production Services Manager","11 - 20 years",420281
Psychologist,"5-7 years",420092
"Technical Program Manager  ","5-7 years",420000
"Associate General Counsel","11 - 20 years",417015
"principal data scientist","11 - 20 years",416680
"Senior Scientist","8 - 10 years",413750
"Senior Analyst","11 - 20 years",413588
"Account executive ","11 - 20 years",413465
"Lead Developer","11 - 20 years",413093
"Tax Manager","11 - 20 years",412003
"Portfolio Manager","11 - 20 years",412000
"Director of HR","11 - 20 years",410881
"Project Engineer","11 - 20 years",410714
"Operations Manager","8 - 10 years",410679
"Senior scientist","11 - 20 years",410186
"Senior Corporate Counsel","11 - 20 years",410102
"Director, product management ","11 - 20 years",410000
"Senior Managing Director","8 - 10 years",410000
"VP of Sales","11 - 20 years",410000
"Technical writer","11 - 20 years",407155
"Associate Attorney","8 - 10 years",407142
Scientist,"8 - 10 years",406131
"Senior Security Engineer","8 - 10 years",400323
"Consumer Marketing Lead","11 - 20 years",400210
"EVP Product","11 - 20 years",400200
"Security Engineering Manager","11 - 20 years",400000
"Sales and Trading","5-7 years",400000
"Creative technologist ","11 - 20 years",400000
Librarian,"5-7 years",399037
"Business development manager","11 - 20 years",398399
"Sr. Software Engineer","8 - 10 years",396328
COO,"11 - 20 years",395360
"Sales Engineer","11 - 20 years",395000
"Business Analyst","21 - 30 years",394533
"Account Executive","11 - 20 years",394264
"Compliance Manager","11 - 20 years",393823
"Research Associate","2 - 4 years",393672
"HR Generalist","5-7 years",393422
"Associate Director","8 - 10 years",390962
"VP, Analytics","21 - 30 years",390260
"PhD ","1 year or less",385400
"Assistant Professor","5-7 years",383644
"Project engineer","8 - 10 years",382700
"Senior Business Analyst","21 - 30 years",382084
"Senior Analyst","8 - 10 years",381617
"data scientist","21 - 30 years",381000
"Account Executive","8 - 10 years",380437
"Investment Professional","5-7 years",380000
"Head of Sales","11 - 20 years",380000
"Account Executive ","21 - 30 years",380000
"Email Marketing Manager","11 - 20 years",378095
"Senior Manager - Tax","8 - 10 years",378000
"Technical Director","11 - 20 years",376355
"Assistant Professor ","11 - 20 years",375272
"branch manager","21 - 30 years",375058
"VP, Controller","21 - 30 years",374000
"Lead Data Scientist","11 - 20 years",372000
"Email Marketing Manager","5-7 years",370694
"General Manager","8 - 10 years",370370
"Product Marketing Manager","11 - 20 years",370089
"Senior Product Line Manager","11 - 20 years",370000
"HR Business Partner","11 - 20 years",369924
"Senior Data Analyst","5-7 years",369388
"Senior Consultant","8 - 10 years",369127
"Assistant Vice President","11 - 20 years",368155
"Frontend Developer","5-7 years",368000
"Sales Engineer","8 - 10 years",367530
"Executive Assistant","5-7 years",367101
Consultant,"2 - 4 years",366778
Lawyer,"41 years or more",366000
"Director Media","11 - 20 years",365000
"Department Manager","11 - 20 years",364360
"Senior Associate","5-7 years",364239
"Senior Front End Developer","11 - 20 years",363630
"Project Engineer","2 - 4 years",363568
"Director of Library and Database Services","11 - 20 years",363490
"Nurse practitioner ","11 - 20 years",363266
"Recruiting Manager","11 - 20 years",362000
"Global Head of Communications ","11 - 20 years",360775
"Graphic Designer","11 - 20 years",360325
"Senior Account Manager","11 - 20 years",359857
"Systems Engineer","2 - 4 years",359399
"Director of Technology","11 - 20 years",357478
"Policy Analyst","11 - 20 years",355744
Pharmacist,"11 - 20 years",355260
"Handler? ","2 - 4 years",355200
"Staff Scientist III","11 - 20 years",354000
"Research Manager","5-7 years",353155
"Operations Manager","5-7 years",352752
"Senior Financial Analyst","8 - 10 years",352572
Registrar,"11 - 20 years",352219
"Director, Laboratory Informatics","11 - 20 years",352000
"Export Documentation assistant","2 - 4 years",352000
"Art Director","11 - 20 years",351319
"Technical Program Manager","11 - 20 years",351181
"Senior Engineer","5-7 years",350393
"School Psychologist","11 - 20 years",350388
"Physician ","5-7 years",350300
"Senior Staff Privacy Engineer","8 - 10 years",350260
"Product Design Manager","11 - 20 years",350250
"VP Product Management","21 - 30 years",350160
Member-Manager,"11 - 20 years",350130
"Human Resources Manager","21 - 30 years",349403
"Senior Customer Success Manager","11 - 20 years",349336
"PhD candidate","8 - 10 years",346800
"VP of Engineering","11 - 20 years",345470
"Business lead ","5-7 years",345000
"Security Engineer","2 - 4 years",345000
"Data Engineer","8 - 10 years",344598
"Business Analyst","2 - 4 years",343703
CTO,"5-7 years",343000
Accountant,"21 - 30 years",342430
"Product Owner","21 - 30 years",341400
Analyst,"1 year or less",340775
"Software developer ","11 - 20 years",340620
"Senior Counsel","21 - 30 years",340581
"Sr. Manager, SRE","21 - 30 years",340220
"Customer Success Manager","8 - 10 years",339767
"graphic designer","8 - 10 years",338019
"Software development engineer","5-7 years",337000
"Clinical Pharmacist","11 - 20 years",337000
"IT Director","21 - 30 years",336938
"Director of Engineering","8 - 10 years",336385
"Sales Manager ","2 - 4 years",335115
Consultant,"21 - 30 years",334728
"Finance Manager","8 - 10 years",334471
"staff software engineer","8 - 10 years",334064
"Executive Vice President/General Manager","11 - 20 years",334000
"Solutions Architect","11 - 20 years",333925
"Vice Presidenti and Corporate Counsel","11 - 20 years",332000
"M&A Tax Senior Manager","8 - 10 years",332000
"Senior Marketing Manager","11 - 20 years",331314
"Director, Global Partnerships","5-7 years",330000
Analyst,"5-7 years",329760
"Executive Director","8 - 10 years",328831
"Product Owner","8 - 10 years",328558
"Director of Software Engineering ","21 - 30 years",328312
"Technical Expert","5-7 years",328000
"Project Coordinator","11 - 20 years",327859
"Senior Electrical Engineer","8 - 10 years",326115
"Director ","5-7 years",325415
Clerk,"21 - 30 years",325000
"VP Legal","8 - 10 years",325000
"IT Manager","21 - 30 years",324420
"Software Engineer III","2 - 4 years",324170
SeniorActuary,"11 - 20 years",324000
"Managing Partner","11 - 20 years",324000
CFO/COO,"11 - 20 years",323000
"VP & Senior Counsel ","11 - 20 years",321000
"Administrative Assistant","11 - 20 years",320818
"Vice President","5-7 years",320295
"Social Worker","8 - 10 years",318175
"Senior Product Manager","5-7 years",317025
"Physician Assistant ","11 - 20 years",316000
"Nurse practitioner ","5-7 years",315000
"Communications Manager","8 - 10 years",314886
"IT Business Analyst","11 - 20 years",314462
"Senior Attorney","11 - 20 years",313196
"Human Resources Director ","21 - 30 years",313000
"Digital Marketing Manager","8 - 10 years",310493
"VP of Product Management ","11 - 20 years",310000
"Director, Medical Information ","8 - 10 years",310000
"Senior VP, Internal Communications ","21 - 30 years",310000
"Managing Director Integrated Marketing","21 - 30 years",310000
"Senior Program Manager","11 - 20 years",309967
"Program Analyst","11 - 20 years",309610
"Data Science Manager","11 - 20 years",308220
"DevOps Engineer","5-7 years",307454
"Account Manager","21 - 30 years",307110
"General Counsel","21 - 30 years",305000
"Sr. Manager, Software Engineering ","11 - 20 years",305000
"Senior Solutions Architect","11 - 20 years",304600
"Account Director","11 - 20 years",304337
"Social Media Manager","8 - 10 years",304214
"Career associate attorney ","8 - 10 years",304000
"St?assistent ","2 - 4 years",302940
"high school teacher","11 - 20 years",302167
"UX designer","2 - 4 years",301119
"Software engineer 3","21 - 30 years",300660
"Senior Director","31 - 40 years",300553
"Vice President of Production","31 - 40 years",300300
"Senior Director ","21 - 30 years",300197
"Medical director","11 - 20 years",300000
"Sr Director","11 - 20 years",300000
"Director of product marketing","11 - 20 years",300000
Owner,"8 - 10 years",300000
"Senior Account Executive ","21 - 30 years",300000
"Managing Attorney","21 - 30 years",300000
"Pharmacy Manager","11 - 20 years",299662
"Senior Manager ","8 - 10 years",298309
"Group Product Manager","8 - 10 years",298000
"Lead Software Engineer","31 - 40 years",298000
"Associate General Counsel","5-7 years",297670
"Program Manager","31 - 40 years",297425
"Senior Technical Writer","11 - 20 years",297196
"Human Resources Manager","8 - 10 years",297190
Teacher,"5-7 years",296730
Physician,"5-7 years",295861
"Marketing Manager","2 - 4 years",295345
"VP HR","11 - 20 years",295140
"Patent attorney ","5-7 years",295000
"Executive Vice President ","21 - 30 years",295000
"Principal Consultant","11 - 20 years",294547
"Workday Analyst","11 - 20 years",294000
"Senior Manager","5-7 years",293335
"Development Director","11 - 20 years",293223
"Product designer","2 - 4 years",293090
"Budget Analyst","8 - 10 years",292500
president,"21 - 30 years",292200
"Executive Assistant ","11 - 20 years",291311
"Sr UX designer","11 - 20 years",290144
"Data Architect","11 - 20 years",290000
"SWE manager","11 - 20 years",290000
"Sr. Intellectual Property Counsel","31 - 40 years",290000
Associate,"11 - 20 years",289852
"Senior Accounting Manager","21 - 30 years",289421
"Controller ","11 - 20 years",288655
"Administrative Assistant","8 - 10 years",287708
"Senior engineering manager","21 - 30 years",287547
"Customer Success Manager","5-7 years",286043
"Project Engineer","5-7 years",285019
"VP of Strategy","8 - 10 years",285000
Scientist,"5-7 years",284861
"Director, Real-World Evidence","11 - 20 years",284500
"Director ","11 - 20 years",284345
Principal,"31 - 40 years",284000
"Chief Product Officer","21 - 30 years",283315
"Director of Communications ","11 - 20 years",283000
"Product Designer","11 - 20 years",282470
"Senior Program Manager","5-7 years",282452
"Digital Designer","11 - 20 years",282065
"Senior Engineer","21 - 30 years",281987
"Senior Manager, Compensation","11 - 20 years",281400
"Chief of Staff","21 - 30 years",281075
"Product Owner ","11 - 20 years",280735
"senior advisor","21 - 30 years",280550
"SVP HR","21 - 30 years",280280
"Associate attorney ","8 - 10 years",280247
"Financial Advisor","8 - 10 years",280000
"Manager Centre of excellence ","21 - 30 years",280000
"Chief Executive Officer","11 - 20 years",280000
"Group manager of analytics","11 - 20 years",280000
"Senior Engineering Manager","31 - 40 years",279000
Instructor,"11 - 20 years",278499
"Senior Financial Analyst","21 - 30 years",278166
"Senior Manager, Operations","11 - 20 years",277977
Pharmacist,"8 - 10 years",277643
"Head of Solutions Engineering ","11 - 20 years",276000
"Senior Manager, Engineering ","21 - 30 years",276000
Buyer,"5-7 years",275625
"Senior Data Scientist","11 - 20 years",275445
"Senior Director of Engineering","11 - 20 years",275185
"Director of Customer Success","21 - 30 years",275000
"Head of Human Resources ","11 - 20 years",275000
"Team Lead","11 - 20 years",274999
"Product Manager","21 - 30 years",274761
"Research Assistant","2 - 4 years",274342
Librarian,"8 - 10 years",273860
"Senior Director of Development","11 - 20 years",273051
"Quality Manager","5-7 years",272500
Consultant,"1 year or less",272229
"Senior Data Engineer","11 - 20 years",271908
specialist,"11 - 20 years",271053
"Sr. Software Engineer","21 - 30 years",270311
"Customer Marketing Manager","11 - 20 years",270000
"Internal Medicine Physician","11 - 20 years",270000
"medical director (psychiatry)","21 - 30 years",270000
"Business Analyst","5-7 years",269867
"Quality Assurance Manager","11 - 20 years",269626
"Technical Program Manager","8 - 10 years",269157
"Principal Cloud Solution Architect ","21 - 30 years",269000
"Chief Information Officer","31 - 40 years",269000
"Senior Program Manager ","21 - 30 years",268953
"Director, Regulatory Affairs","11 - 20 years",268750
Veterinarian,"5-7 years",268678
"Mechanical Engineer","8 - 10 years",268673
"Senior Consultant","2 - 4 years",268246
"Program Coordinator","2 - 4 years",267827
engineer,"11 - 20 years",267355
"Physician Assistant","2 - 4 years",267000
"Data Analyst ","8 - 10 years",266393
"VP Finance","8 - 10 years",265275
"Director, IT","21 - 30 years",265000
Attorney,"2 - 4 years",264800
"Electrical Engineer","5-7 years",264538
"Director, Executive Talent Mgmt","11 - 20 years",264500
"IT Director","8 - 10 years",264101
"Software Engineering Principal Member of Technical Staff ","21 - 30 years",264000
"Incident manager","5-7 years",264000
"Privacy Engineer","8 - 10 years",263000
"Vice President","21 - 30 years",262926
CEO,"31 - 40 years",262420
Psychiatrist,"2 - 4 years",262000
Librarian,"21 - 30 years",261173
"IT Project Manager","21 - 30 years",260295
"Head of Product","11 - 20 years",260178
"Sales Director","21 - 30 years",260118
"Technical Recruiter","8 - 10 years",260000
"Associate Medical Director","11 - 20 years",260000
"Staff Software Engineering Manager","8 - 10 years",260000
"Internal Medicine physician ","11 - 20 years",260000
"Principal Software Enginner","21 - 30 years",260000
"Senior Director, Engineering","11 - 20 years",260000
"Assistant director ","11 - 20 years",259414
"Data science manager","8 - 10 years",259382
"Registered Nurse","5-7 years",259317
"Senior Editor","11 - 20 years",258600
"Coordinator ","11 - 20 years",258038
"Vice President Commercial Banking","21 - 30 years",257500
"Analytics Manager","5-7 years",257446
"Creative Director","11 - 20 years",257182
"Senior Analyst","2 - 4 years",256793
"Senior financial analyst","11 - 20 years",255440
Optometrist,"11 - 20 years",255000
"Director, Legal Counsel","11 - 20 years",255000
OBGYN,"8 - 10 years",255000
"Director of Development","11 - 20 years",254889
"Technical writer","8 - 10 years",254247
"Accounting Manager","8 - 10 years",254047
"Director of Facilities ","31 - 40 years",254000
"Training Manager","11 - 20 years",253734
"Vice President, Finance & Administration ","11 - 20 years",253500
Underwriter,"11 - 20 years",253348
"Vice President, Operations","21 - 30 years",253000
"Underwriter ","11 - 20 years",252504
"Systems Engineer","5-7 years",252423
Paralegal,"8 - 10 years",252107
"Vice President, Analytics","11 - 20 years",252000
"Compensation Manager","11 - 20 years",251860
professor,"11 - 20 years",251555
"Physical Therapist","11 - 20 years",251418
"Agricultural Supply line Negotiating consultant","2 - 4 years",250910
Coordinator,"11 - 20 years",250876
"Managing director","31 - 40 years",250390
"Manager, Program Management","11 - 20 years",250373
"Director Growth","8 - 10 years",250210
COO,"21 - 30 years",250200
"Staff Software Engineer","San Francisco",250200
"Technical Recruiting Manager","8 - 10 years",250150
"Physician Assistant","11 - 20 years",250140
"Sr Manager","11 - 20 years",250115
"Application Analyst","11 - 20 years",250095
"Director of Oncology Project Management ","21 - 30 years",250000
"VP assistant general counsel","8 - 10 years",250000
"Lobbyist ","21 - 30 years",250000
"Senior software engineer 250000","11 - 20 years",250000
"Head of Business Operations","11 - 20 years",250000
"Sr. Product Manager","5-7 years",250000
"Technical Program Manager","2 - 4 years",250000
"Co-Executive Producer","31 - 40 years",250000
"Executive Assistant ","8 - 10 years",249883
"Customer Service Manager","21 - 30 years",249546
Planner,"5-7 years",249429
"Forensic accountant","11 - 20 years",249000
"Project Coordinator","5-7 years",248524
"Of Counsel","8 - 10 years",248230
"Marketing Manager ","8 - 10 years",248228
"Content Producer","8 - 10 years",247400
"social media manager","5-7 years",247167
"Senior Sales Engineer","11 - 20 years",247165
"Senior manager events and marketing","8 - 10 years",247000
"Sr Software Engineer ","11 - 20 years",247000
"Lead Software Engineer","5-7 years",246643
"Branch Manager","11 - 20 years",246433
"Administrative Assistant","5-7 years",245876
"Assistant Director","8 - 10 years",245693
"Communications Strategist","5-7 years",245638
"Senior Program Manager","21 - 30 years",245447
CFO,"31 - 40 years",245413
"Director of Finance","11 - 20 years",245411
"Senior Project Manager","8 - 10 years",245206
"Media Director","11 - 20 years",245133
Scientist,"11 - 20 years",245091
"Sr Director, Actuarial","8 - 10 years",245000
Recruiter,"11 - 20 years",244914
"Engagement Manager","8 - 10 years",244894
"Software developer","21 - 30 years",244104
"VP, Global HR Operations and Technology","21 - 30 years",244000
"Program Analyst","8 - 10 years",243917
"Senior Legal Editor","11 - 20 years",243912
"Product Strategy and Marketing Manager","5-7 years",243800
"Director of Research","11 - 20 years",243276
"Senior UX Designer","8 - 10 years",243107
"Senior paralegal","11 - 20 years",242595
"VP Product Design","11 - 20 years",242000
"Vice President, Financial Planning & Analysis","11 - 20 years",241730
"Site Reliability Engineer","5-7 years",241645
"Human Resources Director","11 - 20 years",240228
"Supply Chain Assocaite Director","5-7 years",240000
"Director of Programming ","11 - 20 years",240000
Founder,"8 - 10 years",240000
"Head of People Ops","21 - 30 years",240000
"Director, Advanced Analytics and Statistics","11 - 20 years",240000
"IT Project Manager","11 - 20 years",239503
"Senior Software Application Engineer","5-7 years",239000
"Senior Technical Program Manager","11 - 20 years",238000
"Account Manager","41 years or more",238000
"Associate Attorney ","5-7 years",237886
"Research Associate","8 - 10 years",237224
"Hardware engineer","8 - 10 years",237000
"Senior Staff Site Reliability Engineer ","21 - 30 years",237000
"Senior Well Engineer (CWI)","11 - 20 years",236280
"Senior Business Manager ","8 - 10 years",236000
"Principal member of Technical Staff","21 - 30 years",236000
"Power Trader","11 - 20 years",236000
"Scientific Strategy Advisor","11 - 20 years",236000
"Electrical Engineer","2 - 4 years",235453
"Data Scientist","1 year or less",235275
"Head of school","21 - 30 years",235133
"People and culture manager","11 - 20 years",235000
"Manager, Product Management","11 - 20 years",235000
"Human Resources Business Partner","11 - 20 years",234851
"AVP & Actuary","11 - 20 years",234000
"Manager, Software Dev & Eng","11 - 20 years",234000
"Civil Engineer","11 - 20 years",233225
"Agile Coach","11 - 20 years",233180
"Account manager","2 - 4 years",232604
"Senior Vice President of Finance","11 - 20 years",232500
"HR director ","11 - 20 years",232434
"Solution consultant ","11 - 20 years",232128
"Learning and Development Manager","11 - 20 years",232110
"Sr asst vp","31 - 40 years",232000
"Production Manager","11 - 20 years",231978
"Staff Accountant","11 - 20 years",231891
"Development Manager","11 - 20 years",231709
Compliance,"11 - 20 years",231045
"head of school","2 - 4 years",231000
"Non technical recruiter","8 - 10 years",231000
"QA Manager","11 - 20 years",230708
"Sales Manager ","21 - 30 years",230620
"Systems Engineer","8 - 10 years",230366
"Senior Developer","21 - 30 years",230223
"Software Development Engineer","41 years or more",230187
"Senior Engineer ","11 - 20 years",230165
"Senior Consultant ","8 - 10 years",230140
"Freelance translator","11 - 20 years",230052
"Consulting Vice President","5-7 years",230000
"Principal Software Developer","21 - 30 years",230000
Veterinarian,"11 - 20 years",230000
"Senior product owner","11 - 20 years",230000
"Software Engineer, Security","11 - 20 years",230000
"data team lead","11 - 20 years",230000
"Compliance Counsel","11 - 20 years",230000
Lawyer,"2 - 4 years",229777
"Accounting Manager","5-7 years",229695
"Director - IT Strategy","11 - 20 years",229000
"Operations Research Analyst","11 - 20 years",228290
"Operations Analyst","11 - 20 years",228262
"Director of Programs","11 - 20 years",228070
Editor,"8 - 10 years",227392
"Senior Copywriter","8 - 10 years",227085
"Senior Manager Growth Marketing","11 - 20 years",227000
"Administrative assistant ","2 - 4 years",226650
"Process Engineer","8 - 10 years",226259
"Principal Scientist","21 - 30 years",226161
"Software Architect","8 - 10 years",226000
"Sr. Director","11 - 20 years",225388
"Engineering Manager","31 - 40 years",225381
"Enterprise Account Executive","11 - 20 years",225275
"Associate Consultant","11 - 20 years",225085
"Senior Associate","2 - 4 years",225045
"Chief Risk Officer","11 - 20 years",225000
"Executive Director of Human Resources ","21 - 30 years",225000
"Director, Engineerig","11 - 20 years",225000
Pilot,"11 - 20 years",225000
"Principal iOS Software Engineer","31 - 40 years",225000
"Director of product management ","8 - 10 years",225000
"Program Manager ","11 - 20 years",224394
"Senior Research Associate","2 - 4 years",224195
CIO,"21 - 30 years",224000
"Office Manager","5-7 years",223799
"Chief of Staff","5-7 years",223265
"Exec admin","11 - 20 years",223001
"Director of Operations","8 - 10 years",222196
"Director of Marketing","21 - 30 years",222165
"Business Development Manager","5-7 years",221262
"Medical Director ","21 - 30 years",221000
"Principal Dev Lead","11 - 20 years",220900
"Policy Advisor","11 - 20 years",220697
"Administrative Manager","11 - 20 years",220450
"Principal Product Manager","11 - 20 years",220267
Scientist,"1 year or less",220135
"Senior Deliverablity Consultant","21 - 30 years",220110
"Vice President ","31 - 40 years",220000
"Director of Business Development","11 - 20 years",220000
"Sr SRE","11 - 20 years",220000
"Software Account Director ","11 - 20 years",220000
"VP Innovation","21 - 30 years",220000
"associate dean","21 - 30 years",220000
"Senior Director, Data Engineering","11 - 20 years",220000
"Analytics Manager","8 - 10 years",219376
TEACHER,"31 - 40 years",219059
"Director of Social","11 - 20 years",219000
"Senior Product Designer","8 - 10 years",218724
"HR manager","31 - 40 years",218625
"Account Executive","2 - 4 years",218358
"Content Marketing Manager","11 - 20 years",218292
"Emergency Veterinarian","11 - 20 years",218200
"Medical Science Liaison","11 - 20 years",218000
"Senior Product Support Manager","11 - 20 years",217200
"IT Director","31 - 40 years",217164
"Sr. Program Manager","11 - 20 years",217014
"Creative Services Manager","8 - 10 years",217000
"Head of Product Management","11 - 20 years",216000
"HR Director","21 - 30 years",215644
"Data Engineer","2 - 4 years",215583
"Program manager ","8 - 10 years",215265
"Senior Business Analyst","11 - 20 years",215111
"Senior Policy Analyst","11 - 20 years",215080
"Associate Attorney ","2 - 4 years",215075
"Director of Human Resources ","11 - 20 years",215055
"Financial Analyst","8 - 10 years",215039
"iOS Engineer","11 - 20 years",215000
"Principal Engineer ","21 - 30 years",215000
"Director of Analytics","11 - 20 years",215000
"Geotechnical Manager","11 - 20 years",215000
"Sr UX Researcher","5-7 years",215000
"VP Finance and Accounting ","11 - 20 years",215000
"Marketing Analytics Lead","8 - 10 years",215000
"Director, Loyalty Marketing","11 - 20 years",215000
"Product manager ","8 - 10 years",214463
"Senior software developer ","21 - 30 years",214000
Archivist,"8 - 10 years",213989
"Senior user experience researcher","11 - 20 years",213679
"Enterprise sales rep","11 - 20 years",213500
"Accounting Manager","21 - 30 years",213467
"HR Business Partner","5-7 years",213061
Scientist,"2 - 4 years",213004
"Sales executive ","11 - 20 years",213000
"Chief Operating Officer","11 - 20 years",212205
"Software developer","1 year or less",212109
"Senior IT Program Manager","11 - 20 years",212000
"Senior Clinical Program Manager ","11 - 20 years",212000
"occupational therapist","8 - 10 years",211633
"HR Generalist","8 - 10 years",211615
"Director of Purchasing ","11 - 20 years",211000
"Director, program management","11 - 20 years",211000
"Medical Writer","5-7 years",210911
CEO,"21 - 30 years",210909
"Technical Editor","11 - 20 years",210855
"VP of Accounting","11 - 20 years",210220
"Manager, Program Management","8 - 10 years",210210
"Senior Software Development Engineer","8 - 10 years",210160
Geologist,"5-7 years",210053
"Consultant II  ","2 - 4 years",210000
"VP Information Security, Complaince, and Privacy","31 - 40 years",210000
"Fund manager","11 - 20 years",210000
"Director of Product Management","11 - 20 years",210000
"senior manager, marketing and business analytics","11 - 20 years",210000
"Senior R&D engineer manager ","8 - 10 years",210000
"Enterprise Risk Manager","21 - 30 years",210000
"Senior Recruiter","5-7 years",210000
"Associate Director, marketing","11 - 20 years",209988
"Associate Director ","31 - 40 years",209000
"Laundry Attendant","8 - 10 years",208240
"Marketing Operations Manager","8 - 10 years",208070
"Clinical Pharmacy Manager","11 - 20 years",208000
"Project Lead Engineer","8 - 10 years",208000
"Software developer","8 - 10 years",207780
"Sr. Manager, Customer Success","8 - 10 years",207600
"Lead Engineer","11 - 20 years",207401
"Business Development Director","21 - 30 years",207000
Accountant,"5-7 years",206447
"Risk Manager","11 - 20 years",206255
"Senior Marketing Manager","8 - 10 years",206190
"Program Manager","2 - 4 years",206141
"24 Frame Video Playback","8 - 10 years",206000
"Speech Language Pathologist","8 - 10 years",205463
"Content Editor","11 - 20 years",205332
"Business development ","11 - 20 years",205076
"Senior Leasing Representative","11 - 20 years",205000
"principal program manager ","11 - 20 years",205000
"Restructuring Consultant","5-7 years",205000
"Academic librarian","11 - 20 years",205000
"Planning and forecasting lead","5-7 years",205000
"Lawyer ","2 - 4 years",205000
"Senior Credit Analyst ","8 - 10 years",205000
"Associate Professor","8 - 10 years",204727
"Director of Government Affairs","11 - 20 years",204201
"Senior Auditor","21 - 30 years",204000
"Sr software engineer ","5-7 years",204000
"Sr. Director of Compliance","21 - 30 years",204000
"Sr. Director - Customer Success","21 - 30 years",204000
"Director of Marketing and Communications","11 - 20 years",204000
"Director of Customer Marketing","11 - 20 years",203000
"network engineer","21 - 30 years",202560
"Staff Site Reliability Engineer","21 - 30 years",202500
"Machine Learning Engineer","2 - 4 years",202252
"Senior SRE","8 - 10 years",202000
"Senior Associate","11 - 20 years",201850
"Principal Software Engineer ","11 - 20 years",201420
"Environmental scientist","2 - 4 years",201259
"Professor ","11 - 20 years",201147
"Director, Voice of the Customer","31 - 40 years",201000
"Systems architect","21 - 30 years",200640
"Staff Security Engineer","21 - 30 years",200616
"Manager, Applications Engineering","21 - 30 years",200601
Realtor,"8 - 10 years",200600
"Director of Technology","21 - 30 years",200514
"Associate ","1 year or less",200355
"TV Writer","11 - 20 years",200350
"SVP sales engineering","11 - 20 years",200300
"Digital Director","11 - 20 years",200287
"Senior Director, Web and Digital","11 - 20 years",200280
"Data Scientist","San Francisco",200225
"Supply Chain Manager","21 - 30 years",200200
programmer,"21 - 30 years",200189
"Firmware Engineer","11 - 20 years",200187
Banker,"11 - 20 years",200180
"Senior Software Development Engineer","11 - 20 years",200160
"Product Design Manager","8 - 10 years",200125
"Art Director of (sub category)","11 - 20 years",200115
"Brand Advertising Manager","5-7 years",200100
"Medical Device Sales Rep","8 - 10 years",200050
"Underwriting Officer","11 - 20 years",200000
"HR Consultant ","11 - 20 years",200000
"Chief Information Officer","11 - 20 years",200000
"Data & Insights Leads","5-7 years",200000
"Senior GIS analyst","8 - 10 years",200000
"Change Management Director","11 - 20 years",200000
"Digital Execution Supervisor","11 - 20 years",200000
"Sr Director, HR Business Partner","21 - 30 years",200000
"Engineering Manager ","31 - 40 years",200000
"Principal software developer","11 - 20 years",200000
"Director of Software","5-7 years",200000
"Director of Product Design","11 - 20 years",200000
"VP of Business Development","5-7 years",200000
"HR Consultant","11 - 20 years",200000
"Senior director data management ","11 - 20 years",200000
"Staff sw engineer","21 - 30 years",200000
"Site Reliability Engineer SRE","21 - 30 years",200000
"Senior Executive ","11 - 20 years",199800
"Regulatory Affairs Specialist","11 - 20 years",199350
"Content Designer","8 - 10 years",199000
"AVP portfolio manager","31 - 40 years",199000
"division manager","11 - 20 years",198867
"Research Associate","5-7 years",198587
"Principal Product Manager","21 - 30 years",198423
"Consulting Manager","21 - 30 years",198148
Developer,"8 - 10 years",198000
"Clinical Laboratory Scientist","8 - 10 years",198000
"Strategic Planning Director","21 - 30 years",198000
"Senior Software Engineer (iOS)","8 - 10 years",198000
"Director of Data Science","11 - 20 years",197630
"Embedded Firmware Engineer","31 - 40 years",197500
"Clinical Supervisor","8 - 10 years",196572
"Talent Development Manager","8 - 10 years",196090
"Director, Quality Assurance R&D","21 - 30 years",196000
"Enterprise security engineer","21 - 30 years",195800
"Accounts Payable Manager","11 - 20 years",195240
"Associate Creative Director","11 - 20 years",195215
"Senior Developer Advocate","5-7 years",195141
"Assistant Manager","5-7 years",195074
"Dir of Marketing","21 - 30 years",195000
"Staff Researcher","11 - 20 years",195000
"Associate Director, Market Access","11 - 20 years",195000
"Senior product manager ","8 - 10 years",195000
"Senior Portfolio Advisor","21 - 30 years",195000
"Principal Research Scientist","31 - 40 years",195000
"Nuclear Power Plant Instructor","21 - 30 years",195000
"Supply chain manager","11 - 20 years",194803
"Consultant ","8 - 10 years",194241
"Director of IT","21 - 30 years",194126
"Vice President Peop[e","11 - 20 years",194000
"Interior Designer","5-7 years",193953
"DevOps, Senior Engineer","11 - 20 years",193600
"Director, eCommerce","11 - 20 years",193556
"Research Scientist 3","2 - 4 years",193138
"Privacy Program Manager","8 - 10 years",193000
"Teacher ","11 - 20 years",192898
"Senior Vice President","11 - 20 years",192827
Architect,"11 - 20 years",192214
"Channel Marketing","11 - 20 years",192000
"Vice President of Sales","8 - 10 years",192000
"Accounting Analyst","5-7 years",191360
"Financial Manager","8 - 10 years",191000
"Senior Relationship Manager ","11 - 20 years",191000
"Lead Product Designer","11 - 20 years",190705
CTO,"11 - 20 years",190665
Administrator,"5-7 years",190584
"Software Architect","21 - 30 years",190478
"Senior bioinformatics scientist","2 - 4 years",190420
"Sales Engineering Manager","11 - 20 years",190206
"Production Engineer","11 - 20 years",190205
"senior security analyst","5-7 years",190179
"Physical Therapist","5-7 years",190177
"Staff product designer","11 - 20 years",190157
"Case Manager","11 - 20 years",190129
"Material & Process Engineering Manager","8 - 10 years",190000
"Sr manager of insights","8 - 10 years",190000
"Nuclear Criticality Safety Manager","21 - 30 years",190000
"Knowledge Manager","11 - 20 years",190000
"senior full-stack engineer","11 - 20 years",190000
"Consulting Manager","11 - 20 years",190000
Engineer,"31 - 40 years",190000
"Director of Retirement Benefits","21 - 30 years",190000
"Division Director","8 - 10 years",190000
"Associate Product Manager","2 - 4 years",189892
"Library Assistant","5-7 years",189793
"Office Manager","31 - 40 years",189578
Copywriter,"5-7 years",189383
